icd10,survivors,totaln,dsp,br,already_in,ais,added,borrowed,Version
S000,10111,10258,0.98566973,H,1,1,0,NA,v241119
S001,5689,5798,0.9812004,F,1,1,0,NA,v241119
S002,1099,1109,0.99098289,F,1,1,0,NA,v241119
S003,2083,2106,0.98907882,F,1,1,0,NA,v241119
S004,688,695,0.98992807,F,1,1,0,NA,v241119
S005,1203,1214,0.99093902,F,1,1,0,NA,v241119
S007,1425,1442,0.9882108,F,1,1,0,NA,v241119
S008,15459,15724,0.98314679,H,1,1,0,NA,v241119
S009,28085,28233,0.99475789,H,1,1,0,NA,v241119
S010,27952,28509,0.98046231,H,1,1,0,NA,v241119
S011,9517,9619,0.98939598,F,1,1,0,NA,v241119
S012,4495,4542,0.98965216,F,1,1,0,NA,v241119
S013,3752,3792,0.98945147,F,1,1,0,NA,v241119
S014,4957,4998,0.99179673,F,1,1,0,NA,v241119
S015,10763,10821,0.99464005,F,1,1,0,NA,v241119
S017,2633,2682,0.98173004,F,1,1,0,NA,v241119
S018,23065,23590,0.97774482,H,1,1,0,NA,v241119
S019,11307,11468,0.98596096,H,1,2,0,NA,v241119
S020,12794,13501,0.9476335,H,1,1,0,NA,v241119
S021,20638,21995,0.93830419,F,1,1,0,NA,v241119
S022,27286,27470,0.99330181,F,1,1,0,NA,v241119
S023,12627,12737,0.99136376,F,1,1,0,NA,v241119
S024,22287,22579,0.98706764,F,1,1,0,NA,v241119
S025,3771,3796,0.9934141,F,1,1,0,NA,v241119
S026,26755,26854,0.99631339,F,1,1,0,NA,v241119
S027,3330,3499,0.95170051,F,1,1,0,NA,v241119
S028,5922,6098,0.97113806,H,1,1,0,NA,v241119
S029,6555,6864,0.95498252,H,1,4,0,NA,v241119
S030,536,545,0.98348624,F,1,2,0,NA,v241119
S031,283,285,0.99298245,F,1,3,0,NA,v241119
S032,1114,1118,0.99642217,F,1,1,0,NA,v241119
S033,39,41,0.9512195,H,0,NA,0,NA,v241119
S034,127,127,1,F,1,1,0,NA,v241119
S035,151,153,0.98692811,F,1,1,0,NA,v241119
S040,245,247,0.99190283,H,1,1,0,NA,v241119
S041,120,121,0.99173552,H,1,1,0,NA,v241119
S042,91,91,1,H,1,1,0,NA,v241119
S043,80,80,1,H,1,1,0,NA,v241119
S044,116,118,0.98305082,H,1,1,0,NA,v241119
S045,594,594,1,H,1,1,0,NA,v241119
S046,53,54,0.98148149,H,1,2,0,NA,v241119
S047,34,34,1,H,1,1,0,NA,v241119
S048,86,88,0.97727275,H,1,2,0,NA,v241119
S049,97,98,0.98979592,H,1,1,0,NA,v241119
S050,1951,1964,0.99338084,F,1,1,0,NA,v241119
S051,6382,6404,0.99656463,F,1,1,0,NA,v241119
S052,2633,2646,0.99508691,F,1,1,0,NA,v241119
S053,1638,1646,0.99513972,F,1,1,0,NA,v241119
S054,839,843,0.99525505,F,1,1,0,NA,v241119
S055,2020,2025,0.99753088,F,1,1,0,NA,v241119
S056,2381,2388,0.9970687,F,1,2,0,NA,v241119
S057,102,106,0.96226418,F,1,2,0,NA,v241119
S058,2178,2194,0.99270737,F,1,1,0,NA,v241119
S059,1436,1444,0.99445981,F,1,2,0,NA,v241119
S060,197661,198951,0.99351597,H,1,1,0,NA,v241119
S061,1939,2658,0.72949588,H,1,4,0,NA,v241119
S062,13800,15687,0.8797093,H,1,3,0,NA,v241119
S063,13254,14526,0.91243285,H,1,2,0,NA,v241119
S064,6159,6550,0.94030535,H,1,1,0,NA,v241119
S065,28367,33843,0.83819401,H,1,4,0,NA,v241119
S066,11532,13724,0.84027982,H,1,3,0,NA,v241119
S067,232,322,0.72049689,H,1,3,0,NA,v241119
S068,5335,6522,0.81800061,H,1,2,0,NA,v241119
S069,24867,26007,0.95616567,H,1,3,0,NA,v241119
S070,87,88,0.98863637,F,1,2,0,NA,v241119
S071,58,66,0.87878788,H,1,5,0,NA,v241119
S078,28,30,0.93333334,H,1,5,0,NA,v241119
S079,94,98,0.95918369,H,1,1,0,NA,v241119
S080,170,172,0.98837209,H,1,1,0,NA,v241119
S081,332,333,0.996997,F,1,2,0,NA,v241119
S088,55,57,0.9649123,H,1,2,0,NA,v241119
S089,21,22,0.95454544,H,0,NA,0,NA,v241119
S090,1035,1054,0.98197341,H,1,1,0,NA,v241119
S091,271,271,1,H,1,1,0,NA,v241119
S092,1000,1005,0.99502486,F,1,1,0,NA,v241119
S097,647,699,0.92560804,F,1,2,0,NA,v241119
S098,1698,1733,0.9798038,H,1,2,0,NA,v241119
S099,22880,23280,0.98281789,H,1,2,0,NA,v241119
S100,995,1000,0.995,H,1,3,0,NA,v241119
S101,234,236,0.99152541,H,1,3,0,NA,v241119
S107,84,86,0.97674417,H,1,2,0,NA,v241119
S108,659,674,0.97774482,H,1,1,0,NA,v241119
S109,4102,4127,0.99394232,H,1,2,0,NA,v241119
S110,197,204,0.96568626,H,1,2,0,NA,v241119
S111,54,54,1,H,1,1,0,NA,v241119
S112,283,287,0.98606271,H,1,2,0,NA,v241119
S117,237,243,0.97530866,H,1,1,0,NA,v241119
S118,951,970,0.98041236,H,1,1,0,NA,v241119
S119,1361,1392,0.97772986,H,1,1,0,NA,v241119
S120,2598,2765,0.9396022,H,1,3,0,NA,v241119
S121,7271,7702,0.94404054,H,1,3,0,NA,v241119
S122,9790,10120,0.96739131,H,1,2,0,NA,v241119
S123,NA,999999,0.95781398,H,1,NA,1,S129,v241119
S124,NA,999999,0.95781398,H,1,NA,1,S129,v241119
S125,NA,999999,0.95781398,H,1,NA,1,S129,v241119
S126,NA,999999,0.95781398,H,1,NA,1,S129,v241119
S127,969,1035,0.93623191,H,0,NA,0,NA,v241119
S128,436,449,0.97104675,H,1,3,0,NA,v241119
S129,1998,2086,0.95781398,H,1,3,0,NA,v241119
S130,286,295,0.96949154,H,1,1,0,NA,v241119
S131,2462,2591,0.9502123,H,1,2,0,NA,v241119
S132,67,71,0.94366199,H,1,3,0,NA,v241119
S133,57,59,0.96610171,H,1,1,0,NA,v241119
S134,11962,11981,0.99841416,H,1,1,0,NA,v241119
S135,17,17,1,H,1,1,0,NA,v241119
S136,1419,1426,0.99509114,H,0,NA,0,NA,v241119
S137,NA,999999,0.99509108,H,0,NA,1,S136,v241119
S138,NA,999999,0.99509114,H,1,NA,1,S136,v241119
S140,777,824,0.94296116,H,1,3,0,NA,v241119
S141,2468,2699,0.91441274,H,1,3,0,NA,v241119
S142,318,322,0.98757762,H,1,1,0,NA,v241119
S143,1439,1444,0.99653739,H,1,1,0,NA,v241119
S144,29,29,1,H,1,1,0,NA,v241119
S145,63,66,0.95454544,H,1,1,0,NA,v241119
S146,99,103,0.96116507,H,1,3,0,NA,v241119
S147,443,484,0.91528928,H,0,NA,0,NA,v241119
S150,240,290,0.82758623,H,1,2,0,NA,v241119
S151,115,130,0.88461536,H,1,1,0,NA,v241119
S152,117,122,0.95901638,H,1,2,0,NA,v241119
S153,100,105,0.95238096,H,1,2,0,NA,v241119
S157,34,38,0.89473683,H,1,2,0,NA,v241119
S158,90,94,0.95744681,H,1,3,0,NA,v241119
S159,54,58,0.93103451,H,1,1,0,NA,v241119
S160,26,26,1,H,0,NA,0,NA,v241119
S161,NA,999999,0.99207973,H,1,NA,1,S199,v241119
S168,10,10,1,H,1,3,0,NA,v241119
S169,691,693,0.997114,H,1,1,0,NA,v241119
S170,75,77,0.97402596,H,1,4,0,NA,v241119
S178,13,13,1,H,1,2,0,NA,v241119
S179,51,51,1,H,1,1,0,NA,v241119
S189,17,18,0.94444442,H,0,NA,0,NA,v241119
S197,44,50,0.88,H,1,1,0,NA,v241119
S198,1345,1358,0.99042708,H,1,1,0,NA,v241119
S199,3883,3914,0.99207973,H,1,1,0,NA,v241119
S200,927,935,0.99144387,C,1,1,0,NA,v241119
S201,180,181,0.99447513,C,1,2,0,NA,v241119
S202,27397,27663,0.99038428,C,1,1,0,NA,v241119
S203,1075,1087,0.98896044,C,1,1,0,NA,v241119
S204,844,865,0.97572255,C,1,1,0,NA,v241119
S207,176,180,0.97777778,C,1,1,0,NA,v241119
S208,3019,3053,0.98886341,C,1,1,0,NA,v241119
S209,NA,999999,0.98886341,C,1,NA,1,S208,v241119
S210,173,175,0.98857141,C,1,2,0,NA,v241119
S211,1548,1592,0.9723618,C,1,1,0,NA,v241119
S212,938,958,0.97912318,C,1,1,0,NA,v241119
S217,199,208,0.95673078,C,1,1,0,NA,v241119
S218,585,612,0.95588237,C,0,NA,0,NA,v241119
S219,1186,1244,0.95337623,C,1,1,0,NA,v241119
S220,39161,39706,0.98627412,C,1,1,0,NA,v241119
S221,2889,2930,0.9860068,C,1,2,0,NA,v241119
S222,11788,11945,0.9868564,C,1,2,0,NA,v241119
S223,41110,41745,0.9847886,C,1,1,0,NA,v241119
S224,54930,56304,0.97559679,C,1,2,0,NA,v241119
S225,2204,2438,0.90401971,C,1,3,0,NA,v241119
S228,124,128,0.96875,C,0,NA,0,NA,v241119
S229,553,568,0.97359157,C,1,2,0,NA,v241119
S230,101,101,1,C,1,1,0,NA,v241119
S231,246,253,0.972332,C,1,2,0,NA,v241119
S232,183,185,0.98918921,C,1,1,0,NA,v241119
S233,1848,1853,0.9973017,C,1,1,0,NA,v241119
S234,646,649,0.99537748,C,1,2,0,NA,v241119
S235,300,301,0.99667776,C,1,1,0,NA,v241119
S240,206,210,0.98095238,C,1,2,0,NA,v241119
S241,1080,1117,0.96687555,C,1,2,0,NA,v241119
S242,41,41,1,C,1,1,0,NA,v241119
S243,16,16,1,C,1,1,0,NA,v241119
S244,19,19,1,C,1,2,0,NA,v241119
S245,14,15,0.93333334,C,1,2,0,NA,v241119
S246,33,34,0.97058821,C,1,2,0,NA,v241119
S247,165,173,0.95375723,C,0,NA,0,NA,v241119
S250,304,417,0.72901678,C,1,3,0,NA,v241119
S251,71,77,0.92207789,C,1,3,0,NA,v241119
S252,20,26,0.76923078,C,1,4,0,NA,v241119
S253,26,30,0.86666667,C,1,4,0,NA,v241119
S254,31,45,0.68888891,C,1,4,0,NA,v241119
S255,70,75,0.93333334,C,1,3,0,NA,v241119
S257,16,20,0.80000001,C,1,3,0,NA,v241119
S258,73,78,0.93589741,C,1,3,0,NA,v241119
S259,69,78,0.88461536,C,1,3,0,NA,v241119
S260,119,142,0.83802819,C,1,4,0,NA,v241119
S268,767,909,0.84378439,C,1,4,0,NA,v241119
S269,98,117,0.83760685,C,1,4,0,NA,v241119
S270,18045,18554,0.97256655,C,1,1,0,NA,v241119
S271,4867,5159,0.94339991,C,1,3,0,NA,v241119
S272,6429,6772,0.94935024,C,1,2,0,NA,v241119
S273,7253,7760,0.93466496,C,1,1,0,NA,v241119
S274,58,68,0.85294116,C,1,4,0,NA,v241119
S275,52,57,0.91228068,C,1,2,0,NA,v241119
S276,164,175,0.93714285,C,1,1,0,NA,v241119
S277,70,99,0.70707071,C,1,1,0,NA,v241119
S278,1466,1579,0.92843574,C,1,2,0,NA,v241119
S279,175,230,0.76086956,C,1,1,0,NA,v241119
S280,136,149,0.91275167,C,1,4,0,NA,v241119
S281,2,2,1,C,1,2,0,NA,v241119
S290,561,562,0.99822062,C,1,1,0,NA,v241119
S297,144,163,0.88343561,C,1,1,0,NA,v241119
S298,1448,1477,0.98036563,C,1,1,0,NA,v241119
S299,4358,4428,0.98419154,C,1,3,0,NA,v241119
S300,26187,26521,0.98740619,A,1,1,0,NA,v241119
S301,9656,9718,0.9936201,A,1,1,0,NA,v241119
S302,1810,1815,0.99724519,A,1,1,0,NA,v241119
S307,259,261,0.99233717,A,1,1,0,NA,v241119
S308,2602,2634,0.9878512,A,1,1,0,NA,v241119
S309,1716,1725,0.99478263,A,1,1,0,NA,v241119
S310,2149,2173,0.98895538,A,1,2,0,NA,v241119
S311,3529,3566,0.9896242,A,1,1,0,NA,v241119
S312,581,582,0.99828178,A,1,1,0,NA,v241119
S313,885,892,0.99215245,A,1,1,0,NA,v241119
S314,1410,1413,0.99787688,A,1,1,0,NA,v241119
S315,89,89,1,A,1,1,0,NA,v241119
S316,NA,999999,0.9717676,A,1,NA,1,S318,v241119
S317,198,205,0.96585363,A,1,1,0,NA,v241119
S318,2375,2444,0.9717676,A,1,1,0,NA,v241119
S319,1,1,1,A,0,NA,0,NA,v241119
S320,60776,61454,0.98896736,A,1,1,0,NA,v241119
S321,8725,8909,0.97934675,A,1,1,0,NA,v241119
S322,1429,1455,0.98213059,A,1,1,0,NA,v241119
S323,5113,5253,0.97334856,A,1,2,0,NA,v241119
S324,16155,16677,0.9686994,A,1,1,0,NA,v241119
S325,63459,65098,0.97482258,A,1,1,0,NA,v241119
S327,3292,3390,0.97109145,A,1,1,0,NA,v241119
S328,14898,15440,0.96489638,A,1,2,0,NA,v241119
S329,3,3,1,A,1,2,0,NA,v241119
S330,344,345,0.99710143,A,1,3,0,NA,v241119
S331,2027,2029,0.99901432,A,1,2,0,NA,v241119
S332,461,477,0.96645701,A,1,1,0,NA,v241119
S333,357,367,0.97275203,A,1,3,0,NA,v241119
S334,789,802,0.98379052,A,1,1,0,NA,v241119
S335,5121,5137,0.99688536,A,1,1,0,NA,v241119
S336,303,304,0.99671054,A,1,1,0,NA,v241119
S337,2712,2719,0.9974255,A,1,1,0,NA,v241119
S340,264,265,0.99622643,A,1,1,0,NA,v241119
S341,836,845,0.98934913,A,1,1,0,NA,v241119
S342,327,330,0.9909091,A,1,1,0,NA,v241119
S343,152,155,0.98064518,A,1,1,0,NA,v241119
S344,116,120,0.96666664,A,1,1,0,NA,v241119
S345,12,12,1,A,1,1,0,NA,v241119
S346,24,24,1,A,1,1,0,NA,v241119
S347,160,162,0.98765433,A,0,NA,0,NA,v241119
S348,76,77,0.98701298,A,1,1,0,NA,v241119
S350,79,110,0.71818179,A,1,3,0,NA,v241119
S351,34,79,0.43037975,A,1,5,0,NA,v241119
S352,216,246,0.87804878,A,1,2,0,NA,v241119
S353,45,55,0.81818181,A,1,4,0,NA,v241119
S354,137,151,0.9072848,A,1,3,0,NA,v241119
S355,184,219,0.84018266,A,1,4,0,NA,v241119
S357,33,49,0.67346936,A,1,3,0,NA,v241119
S358,180,191,0.94240838,A,1,3,0,NA,v241119
S359,168,184,0.9130435,A,1,3,0,NA,v241119
S360,12327,12697,0.97085923,A,1,2,0,NA,v241119
S361,7236,7680,0.94218749,A,1,2,0,NA,v241119
S362,647,671,0.9642325,A,1,2,0,NA,v241119
S363,397,419,0.94749403,A,1,2,0,NA,v241119
S364,2809,2911,0.96496052,A,1,2,0,NA,v241119
S365,1440,1504,0.95744681,A,1,2,0,NA,v241119
S366,485,495,0.97979796,A,1,1,0,NA,v241119
S367,131,161,0.81366462,A,1,2,0,NA,v241119
S368,3229,3489,0.92548007,A,1,3,0,NA,v241119
S369,501,549,0.91256833,A,1,2,0,NA,v241119
S370,7376,7471,0.98728418,A,1,1,0,NA,v241119
S371,235,237,0.99156117,A,1,1,0,NA,v241119
S372,766,810,0.94567901,A,1,1,0,NA,v241119
S373,1067,1086,0.98250461,A,1,1,0,NA,v241119
S374,9,10,0.89999998,A,1,2,0,NA,v241119
S375,1,1,1,A,1,1,0,NA,v241119
S376,121,122,0.99180329,A,1,1,0,NA,v241119
S377,24,25,0.95999998,A,1,1,0,NA,v241119
S378,556,563,0.98756659,A,1,1,0,NA,v241119
S379,259,268,0.96641791,A,1,3,0,NA,v241119
S380,230,230,1,A,1,1,0,NA,v241119
S381,290,301,0.96345514,A,1,2,0,NA,v241119
S382,69,71,0.97183096,A,1,2,0,NA,v241119
S383,5,6,0.83333331,A,1,5,0,NA,v241119
S390,1913,1928,0.99221992,A,1,1,0,NA,v241119
S396,55,66,0.83333331,A,1,1,0,NA,v241119
S397,251,260,0.9653846,A,1,1,0,NA,v241119
S398,3320,3355,0.98956782,A,1,2,0,NA,v241119
S399,17142,17380,0.98630607,A,1,1,0,NA,v241119
S400,10515,10676,0.98491943,E,1,1,0,NA,v241119
S402,NA,999999,0.99285716,E,1,NA,1,S409,v241119
S407,242,249,0.97188753,E,1,1,0,NA,v241119
S408,1977,2015,0.98114145,E,1,1,0,NA,v241119
S409,695,700,0.99285716,E,1,1,0,NA,v241119
S410,1193,1209,0.98676592,E,1,1,0,NA,v241119
S411,3222,3268,0.98592412,E,1,2,0,NA,v241119
S417,372,375,0.99199998,E,1,2,0,NA,v241119
S418,1211,1229,0.98535395,E,0,NA,0,NA,v241119
S419,1,1,1,E,0,NA,0,NA,v241119
S420,28075,28373,0.98949707,E,1,1,0,NA,v241119
S421,9237,9339,0.98907804,E,1,1,0,NA,v241119
S422,79977,81297,0.98376322,E,1,2,0,NA,v241119
S423,25604,25988,0.98522395,E,1,1,0,NA,v241119
S424,40013,40215,0.994977,E,1,1,0,NA,v241119
S427,630,640,0.984375,E,1,1,0,NA,v241119
S428,825,833,0.99039614,E,0,NA,0,NA,v241119
S429,1066,1079,0.98795182,E,1,2,0,NA,v241119
S430,22242,22350,0.99516779,E,1,1,0,NA,v241119
S431,7075,7084,0.99872953,E,1,1,0,NA,v241119
S432,491,495,0.99191922,E,1,2,0,NA,v241119
S433,311,315,0.98730159,E,1,1,0,NA,v241119
S434,2290,2298,0.99651873,E,1,1,0,NA,v241119
S435,884,884,1,E,1,1,0,NA,v241119
S436,91,91,1,E,1,1,0,NA,v241119
S437,878,880,0.99772727,E,1,1,0,NA,v241119
S439,1,1,1,E,1,2,0,NA,v241119
S440,404,406,0.99507391,E,1,1,0,NA,v241119
S441,259,259,1,E,1,1,0,NA,v241119
S442,561,563,0.99644762,E,1,1,0,NA,v241119
S443,147,147,1,E,1,1,0,NA,v241119
S444,53,53,1,E,1,1,0,NA,v241119
S445,37,37,1,E,1,1,0,NA,v241119
S447,56,56,1,E,1,1,0,NA,v241119
S448,84,84,1,E,1,1,0,NA,v241119
S449,114,115,0.99130434,E,1,2,0,NA,v241119
S450,158,163,0.96932513,E,1,3,0,NA,v241119
S451,792,797,0.99372649,E,1,2,0,NA,v241119
S452,193,193,1,E,1,3,0,NA,v241119
S453,33,33,1,E,1,1,0,NA,v241119
S457,23,23,1,E,1,2,0,NA,v241119
S458,72,73,0.98630136,E,1,3,0,NA,v241119
S459,100,101,0.99009901,E,1,1,0,NA,v241119
S460,15484,15499,0.9990322,E,1,1,0,NA,v241119
S461,1443,1443,1,E,1,1,0,NA,v241119
S462,3327,3328,0.99969953,E,1,1,0,NA,v241119
S463,842,843,0.99881375,E,1,1,0,NA,v241119
S467,550,550,1,E,1,1,0,NA,v241119
S468,1833,1836,0.998366,E,1,2,0,NA,v241119
S469,430,431,0.99767983,E,1,1,0,NA,v241119
S473,2,2,1,E,0,NA,0,NA,v241119
S479,134,137,0.97810221,E,1,1,0,NA,v241119
S480,30,31,0.96774191,E,1,4,0,NA,v241119
S481,67,69,0.9710145,E,1,3,0,NA,v241119
S489,48,48,1,E,1,2,0,NA,v241119
S497,155,158,0.98101264,E,1,2,0,NA,v241119
S498,853,862,0.98955917,E,1,2,0,NA,v241119
S499,3290,3339,0.98532492,E,1,2,0,NA,v241119
S500,3372,3445,0.97880989,E,1,1,0,NA,v241119
S501,1757,1781,0.9865244,E,1,2,0,NA,v241119
S503,NA,999999,0.98791945,E,1,NA,1,S509,v241119
S507,198,203,0.97536945,E,1,1,0,NA,v241119
S508,2818,2863,0.9842822,E,1,1,0,NA,v241119
S509,736,745,0.98791945,E,1,1,0,NA,v241119
S510,9920,10094,0.98276204,E,1,3,0,NA,v241119
S517,1787,1801,0.99222654,E,1,2,0,NA,v241119
S518,8588,8666,0.99099928,E,1,2,0,NA,v241119
S519,6434,6488,0.99167693,E,1,2,0,NA,v241119
S520,27116,27297,0.99336922,E,1,1,0,NA,v241119
S521,12478,12507,0.99768132,E,1,1,0,NA,v241119
S522,7911,7937,0.99672419,E,1,1,0,NA,v241119
S523,11466,11499,0.99713016,E,1,1,0,NA,v241119
S524,21084,21115,0.99853188,E,1,1,0,NA,v241119
S525,105576,105955,0.99642301,E,1,1,0,NA,v241119
S526,33392,33523,0.99609226,E,1,1,0,NA,v241119
S527,2018,2029,0.9945786,E,1,1,0,NA,v241119
S528,5310,5327,0.99680871,E,1,1,0,NA,v241119
S529,3702,3734,0.9914301,E,1,3,0,NA,v241119
S530,743,746,0.99597853,E,1,1,0,NA,v241119
S531,6375,6386,0.99827749,E,1,1,0,NA,v241119
S532,121,121,1,E,1,1,0,NA,v241119
S533,449,450,0.99777776,E,1,1,0,NA,v241119
S534,590,592,0.99662161,E,1,1,0,NA,v241119
S539,2,2,1,E,0,NA,0,NA,v241119
S540,1293,1293,1,E,1,1,0,NA,v241119
S541,1136,1137,0.99912047,E,1,1,0,NA,v241119
S542,931,932,0.99892706,E,1,1,0,NA,v241119
S543,318,318,1,E,1,1,0,NA,v241119
S547,67,67,1,E,1,1,0,NA,v241119
S548,164,164,1,E,1,1,0,NA,v241119
S549,93,93,1,E,1,1,0,NA,v241119
S550,748,748,1,E,1,1,0,NA,v241119
S551,1090,1094,0.99634367,E,1,1,0,NA,v241119
S552,112,112,1,E,1,1,0,NA,v241119
S557,38,38,1,E,1,1,0,NA,v241119
S558,107,108,0.99074072,E,1,1,0,NA,v241119
S559,124,124,1,E,1,1,0,NA,v241119
S560,233,233,1,E,1,1,0,NA,v241119
S561,1151,1153,0.99826539,E,1,1,0,NA,v241119
S562,2902,2905,0.99896729,E,1,1,0,NA,v241119
S563,634,634,1,E,1,2,0,NA,v241119
S564,944,945,0.99894178,E,1,1,0,NA,v241119
S565,1787,1789,0.99888206,E,1,1,0,NA,v241119
S567,558,558,1,E,1,1,0,NA,v241119
S568,808,808,1,E,1,1,0,NA,v241119
S569,1,1,1,E,1,1,0,NA,v241119
S570,60,61,0.98360658,E,1,2,0,NA,v241119
S577,NA,999999,0.99259257,E,0,NA,1,S579,v241119
S578,189,191,0.98952878,E,1,1,0,NA,v241119
S579,134,135,0.99259257,E,0,NA,0,NA,v241119
S580,49,50,0.98000002,E,1,3,0,NA,v241119
S581,124,126,0.98412699,E,1,2,0,NA,v241119
S589,52,52,1,E,1,1,0,NA,v241119
S597,110,113,0.97345132,E,1,1,0,NA,v241119
S598,352,354,0.99435025,E,1,1,0,NA,v241119
S599,1019,1028,0.99124515,E,1,2,0,NA,v241119
S600,1023,1038,0.98554915,E,1,2,0,NA,v241119
S601,169,169,1,E,1,1,0,NA,v241119
S602,2830,2872,0.98537606,E,1,2,0,NA,v241119
S605,NA,999999,0.98571426,E,1,NA,1,S609,v241119
S607,181,183,0.98907101,E,1,1,0,NA,v241119
S608,3866,3889,0.99408591,E,1,1,0,NA,v241119
S609,759,770,0.98571426,E,1,1,0,NA,v241119
S610,31050,31076,0.99916333,E,1,1,0,NA,v241119
S611,6969,6973,0.99942636,E,1,1,0,NA,v241119
S612,2,2,1,E,1,1,0,NA,v241119
S614,NA,999999,0.99527228,E,1,NA,1,S619,v241119
S617,2525,2536,0.99566245,E,1,1,0,NA,v241119
S618,22753,22815,0.99728251,E,1,1,0,NA,v241119
S619,11368,11422,0.99527228,E,1,1,0,NA,v241119
S620,5773,5786,0.9977532,E,1,1,0,NA,v241119
S621,2011,2020,0.99554455,E,1,1,0,NA,v241119
S622,5441,5454,0.99761641,E,1,1,0,NA,v241119
S623,16055,16080,0.99844527,E,1,1,0,NA,v241119
S624,1432,1437,0.99652052,E,1,1,0,NA,v241119
S625,7637,7651,0.9981702,E,1,1,0,NA,v241119
S626,29796,29821,0.99916166,E,1,1,0,NA,v241119
S627,1575,1579,0.99746674,E,1,1,0,NA,v241119
S628,4497,4525,0.99381214,E,1,1,0,NA,v241119
S630,3086,3095,0.99709207,E,1,1,0,NA,v241119
S631,5192,5206,0.99731082,E,1,1,0,NA,v241119
S632,102,102,1,E,1,2,0,NA,v241119
S633,1485,1485,1,E,1,2,0,NA,v241119
S634,3909,3910,0.99974424,E,1,1,0,NA,v241119
S635,1170,1176,0.99489796,E,1,1,0,NA,v241119
S636,1650,1650,1,E,1,1,0,NA,v241119
S637,137,137,1,E,1,1,0,NA,v241119
S640,2489,2490,0.99959838,E,1,1,0,NA,v241119
S641,2435,2437,0.9991793,E,1,1,0,NA,v241119
S642,1787,1788,0.99944073,E,1,1,0,NA,v241119
S643,2456,2456,1,E,1,1,0,NA,v241119
S644,9316,9316,1,E,1,1,0,NA,v241119
S647,263,263,1,E,1,1,0,NA,v241119
S648,211,211,1,E,1,1,0,NA,v241119
S649,243,243,1,E,1,1,0,NA,v241119
S650,1381,1384,0.99783236,E,1,1,0,NA,v241119
S651,1466,1472,0.99592394,E,1,1,0,NA,v241119
S652,93,93,1,E,1,1,0,NA,v241119
S653,35,35,1,E,1,2,0,NA,v241119
S654,312,312,1,E,1,1,0,NA,v241119
S655,1610,1611,0.99937928,E,1,1,0,NA,v241119
S657,139,139,1,E,1,1,0,NA,v241119
S658,150,151,0.99337751,E,1,1,0,NA,v241119
S659,160,161,0.99378884,E,1,1,0,NA,v241119
S660,2898,2898,1,E,1,1,0,NA,v241119
S661,12486,12494,0.99935967,E,1,1,0,NA,v241119
S662,4962,4962,1,E,1,1,0,NA,v241119
S663,12539,12544,0.99960142,E,1,1,0,NA,v241119
S664,448,448,1,E,1,1,0,NA,v241119
S665,400,401,0.99750626,E,1,1,0,NA,v241119
S666,3033,3037,0.99868292,E,1,1,0,NA,v241119
S667,1981,1984,0.99848789,E,1,1,0,NA,v241119
S668,2013,2015,0.99900746,E,1,1,0,NA,v241119
S669,1204,1204,1,E,1,1,0,NA,v241119
S670,1561,1561,1,E,1,1,0,NA,v241119
S678,597,597,1,E,1,1,0,NA,v241119
S680,4093,4094,0.99975574,E,1,1,0,NA,v241119
S681,12194,12197,0.99975401,E,1,1,0,NA,v241119
S682,3538,3542,0.99887067,E,1,1,0,NA,v241119
S683,248,248,1,E,1,1,0,NA,v241119
S684,127,129,0.98449612,E,1,1,0,NA,v241119
S688,162,163,0.99386501,E,0,NA,0,NA,v241119
S689,97,97,1,E,0,NA,0,NA,v241119
S697,988,990,0.99797982,E,1,1,0,NA,v241119
S698,613,615,0.99674797,E,1,1,0,NA,v241119
S699,2091,2097,0.9971388,E,1,1,0,NA,v241119
S700,35207,35876,0.98135245,E,1,2,0,NA,v241119
S701,7539,7634,0.98755568,E,1,2,0,NA,v241119
S707,156,158,0.98734176,E,1,2,0,NA,v241119
S708,1980,2000,0.99000001,E,1,2,0,NA,v241119
S709,1056,1069,0.9878391,E,1,1,0,NA,v241119
S710,735,746,0.9852547,E,1,2,0,NA,v241119
S711,7256,7294,0.99479026,E,1,1,0,NA,v241119
S717,528,531,0.99435025,E,1,1,0,NA,v241119
S718,544,565,0.96283185,E,1,1,0,NA,v241119
S719,1,1,1,E,0,NA,0,NA,v241119
S720,209968,220901,0.95050722,E,1,2,0,NA,v241119
S721,162007,170990,0.94746476,E,1,3,0,NA,v241119
S722,25889,27254,0.94991559,E,1,2,0,NA,v241119
S723,37469,38381,0.97623825,E,1,1,0,NA,v241119
S724,21796,22360,0.97477639,E,1,2,0,NA,v241119
S727,656,687,0.9548763,E,1,2,0,NA,v241119
S728,2188,2252,0.9715808,E,1,2,0,NA,v241119
S729,8058,8357,0.9642216,E,1,3,0,NA,v241119
S730,16411,16610,0.98801929,E,1,1,0,NA,v241119
S731,2330,2350,0.99148935,E,1,1,0,NA,v241119
S732,NA,999999,0.99148935,E,0,NA,1,S731,v241119
S737,NA,999999,0.99148935,E,0,NA,1,S731,v241119
S738,NA,999999,0.99148935,E,0,NA,1,S731,v241119
S739,13,13,1,E,1,1,0,NA,v241119
S740,250,251,0.99601591,E,1,1,0,NA,v241119
S741,93,95,0.97894734,E,1,1,0,NA,v241119
S742,38,39,0.97435898,E,1,1,0,NA,v241119
S747,19,20,0.94999999,E,1,1,0,NA,v241119
S748,28,29,0.96551722,E,1,1,0,NA,v241119
S749,32,32,1,E,1,1,0,NA,v241119
S750,364,379,0.96042216,E,1,3,0,NA,v241119
S751,130,134,0.97014928,E,1,3,0,NA,v241119
S752,35,35,1,E,1,2,0,NA,v241119
S757,32,36,0.8888889,E,1,3,0,NA,v241119
S758,75,76,0.98684210000000006,E,1,3,0,NA,v241119
S759,123,124,0.99193549,E,1,2,0,NA,v241119
S760,1028,1033,0.99515975,E,1,2,0,NA,v241119
S761,7987,7994,0.99912435,E,1,1,0,NA,v241119
S762,524,524,1,E,1,2,0,NA,v241119
S763,718,719,0.99860919,E,1,1,0,NA,v241119
S764,1239,1242,0.99758452,E,1,1,0,NA,v241119
S767,262,263,0.9961977,E,1,1,0,NA,v241119
S770,119,121,0.9834711,E,1,2,0,NA,v241119
S771,169,174,0.97126436,E,1,2,0,NA,v241119
S772,52,53,0.98113209,E,1,3,0,NA,v241119
S780,26,27,0.96296299,E,1,4,0,NA,v241119
S781,265,269,0.98513013,E,1,2,0,NA,v241119
S789,775,779,0.99486524,E,1,4,0,NA,v241119
S797,248,255,0.97254902,E,1,1,0,NA,v241119
S798,2729,2788,0.97883785,E,1,1,0,NA,v241119
S799,10164,10448,0.97281778,E,1,1,0,NA,v241119
S800,14876,15023,0.990215,E,1,1,0,NA,v241119
S801,9799,9872,0.99260533,E,1,1,0,NA,v241119
S802,NA,999999,0.99084097,E,1,NA,1,S809,v241119
S807,538,549,0.97996354,E,1,1,0,NA,v241119
S808,5335,5399,0.98814595,E,1,1,0,NA,v241119
S809,1190,1201,0.99084097,E,1,1,0,NA,v241119
S810,17648,17744,0.99458975,E,1,1,0,NA,v241119
S817,2268,2294,0.98866606,E,1,1,0,NA,v241119
S818,22135,22318,0.99180037,E,1,1,0,NA,v241119
S819,10175,10274,0.99036402,E,1,1,0,NA,v241119
S820,28314,28415,0.99644554,E,1,1,0,NA,v241119
S821,49673,49956,0.994335,E,1,1,0,NA,v241119
S822,55746,55979,0.99583775,E,1,1,0,NA,v241119
S823,36670,36796,0.99657571,E,1,1,0,NA,v241119
S824,9697,9751,0.99446213,E,1,1,0,NA,v241119
S825,18827,18879,0.99724561,E,1,1,0,NA,v241119
S826,64836,64931,0.99853688,E,1,1,0,NA,v241119
S827,3980,4023,0.98931146,E,1,1,0,NA,v241119
S828,90010,90239,0.99746227,E,1,1,0,NA,v241119
S829,7731,7786,0.99293602,E,1,3,0,NA,v241119
S830,7804,7808,0.9994877,E,1,1,0,NA,v241119
S831,2019,2030,0.99458128,E,1,2,0,NA,v241119
S832,59221,59227,0.99989867,E,1,1,0,NA,v241119
S833,1962,1965,0.99847329,E,1,1,0,NA,v241119
S834,6235,6240,0.99919873,E,1,1,0,NA,v241119
S835,59125,59131,0.99989855,E,1,1,0,NA,v241119
S836,7513,7543,0.99602282,E,1,1,0,NA,v241119
S837,7897,7901,0.99949372,E,1,1,0,NA,v241119
S840,212,214,0.99065423,E,1,1,0,NA,v241119
S841,640,641,0.99843997,E,1,1,0,NA,v241119
S842,83,83,1,E,1,1,0,NA,v241119
S847,27,28,0.96428573,E,1,1,0,NA,v241119
S848,235,235,1,E,1,1,0,NA,v241119
S849,63,63,1,E,1,1,0,NA,v241119
S850,279,283,0.98586571,E,1,3,0,NA,v241119
S851,403,405,0.99506176,E,1,1,0,NA,v241119
S852,34,35,0.97142857,E,1,2,0,NA,v241119
S853,158,160,0.98750001,E,1,1,0,NA,v241119
S854,16,16,1,E,1,2,0,NA,v241119
S855,67,67,1,E,1,3,0,NA,v241119
S857,51,52,0.98076922,E,1,2,0,NA,v241119
S858,137,139,0.9856115,E,1,2,0,NA,v241119
S859,197,198,0.99494952,E,1,1,0,NA,v241119
S860,26944,26948,0.99985158,E,1,1,0,NA,v241119
S861,1177,1178,0.99915111,E,1,1,0,NA,v241119
S862,1249,1250,0.99919999,E,1,1,0,NA,v241119
S863,537,538,0.99814129,E,1,1,0,NA,v241119
S867,233,233,1,E,1,1,0,NA,v241119
S868,1875,1876,0.99946696,E,1,1,0,NA,v241119
S869,794,795,0.99874216,E,1,1,0,NA,v241119
S870,138,141,0.97872341,E,1,1,0,NA,v241119
S878,530,535,0.99065423,E,1,3,0,NA,v241119
S880,140,143,0.97902095,E,1,3,0,NA,v241119
S881,227,236,0.96186441,E,1,3,0,NA,v241119
S889,1566,1574,0.99491739,E,1,3,0,NA,v241119
S897,181,183,0.98907101,E,1,1,0,NA,v241119
S898,1543,1554,0.99292147,E,1,1,0,NA,v241119
S899,5697,5757,0.98957789,E,1,2,0,NA,v241119
S900,1767,1783,0.99102634,E,1,1,0,NA,v241119
S901,288,291,0.98969072,E,1,2,0,NA,v241119
S902,53,53,1,E,1,1,0,NA,v241119
S903,2048,2063,0.99272901,E,1,2,0,NA,v241119
S907,96,96,1,E,1,1,0,NA,v241119
S908,2910,2920,0.99657536,E,1,1,0,NA,v241119
S909,370,370,1,E,1,1,0,NA,v241119
S910,3329,3338,0.99730378,E,1,1,0,NA,v241119
S911,2623,2631,0.99695933,E,1,1,0,NA,v241119
S912,763,767,0.99478489,E,1,2,0,NA,v241119
S913,12678,12705,0.99787486,E,1,1,0,NA,v241119
S917,542,543,0.9981584,E,0,NA,0,NA,v241119
S918,1888,1906,0.99055612,E,0,NA,0,NA,v241119
S920,18077,18104,0.99850863,E,1,1,0,NA,v241119
S921,6217,6231,0.99775314,E,1,1,0,NA,v241119
S922,4505,4511,0.99866992,E,1,1,0,NA,v241119
S923,15544,15574,0.9980737,E,1,1,0,NA,v241119
S924,5325,5329,0.9992494,E,1,1,0,NA,v241119
S925,3466,3472,0.99827188,E,1,2,0,NA,v241119
S927,911,917,0.9934569,E,1,1,0,NA,v241119
S929,913,917,0.99563795,E,1,2,0,NA,v241119
S930,7079,7099,0.99718273,E,1,1,0,NA,v241119
S931,1348,1349,0.9992587,E,1,1,0,NA,v241119
S932,6723,6724,0.99985129,E,1,1,0,NA,v241119
S933,2359,2367,0.99662018,E,1,1,0,NA,v241119
S934,8415,8432,0.99798387,E,1,1,0,NA,v241119
S935,126,127,0.99212599,E,1,1,0,NA,v241119
S936,714,715,0.99860138,E,1,2,0,NA,v241119
S940,58,58,1,E,1,1,0,NA,v241119
S941,59,59,1,E,1,1,0,NA,v241119
S942,221,221,1,E,1,1,0,NA,v241119
S943,99,99,1,E,1,1,0,NA,v241119
S947,14,14,1,E,1,1,0,NA,v241119
S948,238,238,1,E,1,1,0,NA,v241119
S949,67,67,1,E,1,1,0,NA,v241119
S950,105,105,1,E,1,2,0,NA,v241119
S951,31,31,1,E,1,1,0,NA,v241119
S952,7,7,1,E,1,1,0,NA,v241119
S957,17,17,1,E,1,1,0,NA,v241119
S958,92,92,1,E,1,1,0,NA,v241119
S959,77,77,1,E,1,1,0,NA,v241119
S960,919,919,1,E,1,2,0,NA,v241119
S961,2624,2624,1,E,1,1,0,NA,v241119
S962,97,98,0.98979592,E,1,1,0,NA,v241119
S967,242,242,1,E,1,1,0,NA,v241119
S968,1111,1112,0.99910074,E,1,1,0,NA,v241119
S969,535,537,0.9962756,E,1,1,0,NA,v241119
S970,101,102,0.99019605,E,1,3,0,NA,v241119
S971,228,228,1,E,1,1,0,NA,v241119
S978,525,526,0.99809885,E,1,2,0,NA,v241119
S979,1,1,1,E,0,NA,0,NA,v241119
S980,60,61,0.98360658,E,1,2,0,NA,v241119
S981,937,937,1,E,1,1,0,NA,v241119
S982,419,419,1,E,1,1,0,NA,v241119
S983,126,127,0.99212599,E,1,1,0,NA,v241119
S984,124,124,1,E,1,1,0,NA,v241119
S997,174,174,1,E,1,1,0,NA,v241119
S998,711,713,0.99719495,E,1,2,0,NA,v241119
S999,2045,2060,0.99271846,E,1,1,0,NA,v241119
T079,25232,26148,0.96496862,G,0,NA,0,NA,v241119
T140,9469,9543,0.99224561,G,0,NA,0,NA,v241119
T141,10124,10229,0.98973507,G,0,NA,0,NA,v241119
T142,1001,1008,0.99305558,G,0,NA,0,NA,v241119
T143,839,841,0.99762189,G,0,NA,0,NA,v241119
T144,279,279,1,G,0,NA,0,NA,v241119
T145,236,242,0.97520661,G,0,NA,0,NA,v241119
T146,3504,3509,0.99857509,G,0,NA,0,NA,v241119
T147,76,77,0.98701298,G,0,NA,0,NA,v241119
T148,124,127,0.97637796,G,1,1,0,NA,v241119
T149,4149,4235,0.97969306,G,1,2,0,NA,v241119
T200,900,913,0.98576123,G,1,2,0,NA,v241119
T201,1574,1579,0.99683344,G,1,1,0,NA,v241119
T202,6084,6132,0.99217218,G,1,1,0,NA,v241119
T203,1029,1156,0.89013839,G,1,2,0,NA,v241119
T204,50,50,1,G,1,1,0,NA,v241119
T205,21,21,1,G,1,1,0,NA,v241119
T206,24,24,1,G,1,1,0,NA,v241119
T207,11,13,0.84615386,G,1,1,0,NA,v241119
T209,2,2,1,G,0,NA,0,NA,v241119
T210,807,823,0.98055893,G,1,2,0,NA,v241119
T211,889,894,0.99440718,G,1,2,0,NA,v241119
T212,6425,6497,0.98891795,G,1,2,0,NA,v241119
T213,2392,2594,0.92212796,G,1,2,0,NA,v241119
T214,22,23,0.95652175,G,1,1,0,NA,v241119
T215,9,9,1,G,1,1,0,NA,v241119
T216,35,35,1,G,1,1,0,NA,v241119
T217,16,16,1,G,1,1,0,NA,v241119
T219,6,6,1,G,0,NA,0,NA,v241119
T220,695,697,0.99713057,G,1,2,0,NA,v241119
T221,665,667,0.99700153,G,1,1,0,NA,v241119
T222,5389,5430,0.99244934,G,1,1,0,NA,v241119
T223,2503,2607,0.96010739,G,1,2,0,NA,v241119
T224,25,25,1,G,1,1,0,NA,v241119
T225,12,12,1,G,1,1,0,NA,v241119
T226,29,29,1,G,1,1,0,NA,v241119
T227,25,25,1,G,1,1,0,NA,v241119
T229,2,2,1,G,0,NA,0,NA,v241119
T230,1145,1147,0.99825633,G,1,1,0,NA,v241119
T231,616,618,0.99676377,G,1,1,0,NA,v241119
T232,5537,5562,0.99550521,G,1,1,0,NA,v241119
T233,2648,2699,0.98110414,G,1,1,0,NA,v241119
T234,38,38,1,G,1,1,0,NA,v241119
T235,14,14,1,G,1,1,0,NA,v241119
T236,36,36,1,G,1,1,0,NA,v241119
T237,33,33,1,G,1,1,0,NA,v241119
T239,5,5,1,G,0,NA,0,NA,v241119
T240,950,961,0.98855358,G,1,2,0,NA,v241119
T241,646,650,0.99384618,G,1,1,0,NA,v241119
T242,5441,5486,0.99179733,E,1,1,0,NA,v241119
T243,3711,3832,0.96842378,G,1,1,0,NA,v241119
T244,53,53,1,G,1,2,0,NA,v241119
T245,15,16,0.9375,G,1,1,0,NA,v241119
T246,45,45,1,G,1,1,0,NA,v241119
T247,51,52,0.98076922,G,1,1,0,NA,v241119
T249,3,3,1,G,0,NA,0,NA,v241119
T250,721,722,0.99861497,G,1,1,0,NA,v241119
T251,242,244,0.99180329,G,1,1,0,NA,v241119
T252,3031,3051,0.9934448,G,1,2,0,NA,v241119
T253,2232,2263,0.98630136,G,1,2,0,NA,v241119
T254,14,14,1,G,1,1,0,NA,v241119
T255,13,13,1,G,1,1,0,NA,v241119
T256,37,37,1,G,1,1,0,NA,v241119
T257,80,80,1,G,1,1,0,NA,v241119
T290,328,366,0.89617485,G,0,NA,0,NA,v241119
T291,73,73,1,G,0,NA,0,NA,v241119
T292,855,876,0.97602737,G,0,NA,0,NA,v241119
T293,556,725,0.76689655,G,0,NA,0,NA,v241119
T294,23,25,0.92000002,G,0,NA,0,NA,v241119
T295,3,3,1,G,0,NA,0,NA,v241119
T296,13,14,0.9285714,G,0,NA,0,NA,v241119
T297,14,16,0.875,G,0,NA,0,NA,v241119
T300,2252,2304,0.97743058,G,1,2,0,NA,v241119
T301,155,156,0.99358976,G,0,NA,0,NA,v241119
T302,897,916,0.97925764,G,0,NA,0,NA,v241119
T303,337,387,0.87080103,G,0,NA,0,NA,v241119
T304,119,120,0.99166667,G,1,5,0,NA,v241119
T305,16,16,1,G,0,NA,0,NA,v241119
T306,24,25,0.95999998,G,0,NA,0,NA,v241119
T307,29,31,0.93548387,G,0,NA,0,NA,v241119
T310,6439,6464,0.99613243,G,1,1,0,NA,v241119
T311,1251,1287,0.97202796,G,1,1,0,NA,v241119
T312,412,439,0.93849659,G,1,4,0,NA,v241119
T313,174,201,0.86567163,G,1,4,0,NA,v241119
T314,95,115,0.82608694,G,1,5,0,NA,v241119
T315,54,74,0.72972971,G,1,5,0,NA,v241119
T316,29,50,0.57999998,G,1,5,0,NA,v241119
T317,18,42,0.42857143,G,1,5,0,NA,v241119
T318,13,37,0.35135135,G,1,5,0,NA,v241119
T319,25,57,0.43859649,G,1,5,0,NA,v241119
T320,53,53,1,G,1,1,0,NA,v241119
T321,9,11,0.81818181,G,1,2,0,NA,v241119
T322,13,14,0.9285714,G,1,1,0,NA,v241119
T323,3,3,1,G,1,1,0,NA,v241119
T324,8,9,0.8888889,G,1,1,0,NA,v241119
T325,3,3,1,G,1,1,0,NA,v241119
T326,3,4,0.75,G,1,1,0,NA,v241119
T327,0,1,0,G,1,1,0,NA,v241119
T329,6,6,1,G,1,1,0,NA,v241119
